{"stat.pickup.minecraft.bone":16,"stat.pickup.techguns.lmg":1,"stat.leaveGame":7,"stat.drop.techguns.tfg":1,"stat.killEntity.PigZombie":42,"stat.swimOneCm":40,"stat.climbOneCm":99,"stat.pickup.minecraft.glowstone_dust":33,"stat.pickup.minecraft.porkchop":68,"stat.pickup.techguns.boltaction":1,"stat.useItem.minecraft.stone_slab2":6,"stat.pickup.minecraft.rotten_flesh":8,"stat.entityKilledBy.techguns.Outcast":1,"stat.drop.cgm.assault_rifle":1,"stat.pickup.techguns.aug":1,"stat.pickup.minecraft.cobblestone":289,"stat.entityKilledBy.techguns.Commando":1,"stat.flyOneCm":482929,"stat.pickup.techguns.grimreaper":1,"stat.pickup.techguns.ak47":1,"stat.killEntity.techguns.ZombieFarmer":3,"stat.pickup.minecraft.redstone":34,"stat.timeSinceDeath":12289,"stat.useItem.minecraft.spawn_egg":552,"stat.pickup.minecraft.mutton":170,"stat.killEntity.Bat":1,"stat.killEntity.techguns.SkeletonSoldier":2,"stat.pickup.srparasites.lurecomponent1":4,"stat.drop.minecraft.spawn_egg":51,"stat.pickup.minecraft.string":2,"stat.pickup.minecraft.nether_star":1,"stat.sprintOneCm":30429,"stat.killEntity.techguns.CyberDemon":16,"stat.pickup.techguns.tfg":2,"stat.pickup.minecraft.spawn_egg":212,"stat.deaths":22,"stat.drop":57,"stat.playOneMinute":70379,"stat.pickup.minecraft.blaze_rod":10,"stat.entityKilledBy.techguns.ZombiePigmanSoldier":2,"stat.pickup.minecraft.iron_block":4,"stat.killEntity.Zombie":1,"stat.mineBlock.minecraft.tallgrass":8,"stat.pickup.minecraft.netherrack":4494,"stat.diveOneCm":1306,"stat.pickup.minecraft.wheat":18,"stat.pickup.minecraft.gravel":1,"stat.pickup.minecraft.arrow":20,"stat.entityKilledBy.techguns.AlienBug":1,"stat.pickup.techguns.vector":1,"stat.pickup.techguns.gaussrifle":1,"stat.jump":219,"stat.pickup.minecraft.coal":14,"stat.fallOneCm":2982,"stat.pickup.minecraft.iron_ingot":13,"stat.pickup.minecraft.gunpowder":33,"stat.pickup.techguns.fraggrenade":1,"stat.crouchOneCm":750,"stat.entityKilledBy.techguns.Bandit":1,"stat.pickup.minecraft.dirt":35,"stat.pickup.minecraft.red_mushroom":1,"stat.pickup.cgm.assault_rifle":1,"stat.pickup.minecraft.iron_ore":1,"stat.pickup.techguns.revolver":1,"stat.damageTaken":4845,"stat.pickup.minecraft.leather":16,"stat.killEntity.techguns.ZombieMiner":11,"stat.pickup.srparasites.assimilated_flesh":1,"stat.pickup.minecraft.dye":33,"stat.pickup.minecraft.reeds":64,"stat.pickup.minecraft.wheat_seeds":15,"stat.damageDealt":131,"stat.killEntity.techguns.ZombiePigmanSoldier":47,"stat.killEntity.Pig":1,"stat.drop.techguns.itemshared":2,"stat.pickup.techguns.itemshared":175,"stat.walkOneCm":70919,"stat.playerKills":5,"stat.drop.techguns.chainsaw":2,"stat.pickup.minecraft.magma":46,"stat.mineBlock.minecraft.double_plant":1,"stat.pickup.techguns.chainsaw":2,"stat.killEntity.LavaSlime":1,"stat.pickup.techguns.thompson":2,"stat.pickup.minecraft.stone":7,"stat.pickup.minecraft.ender_pearl":2,"stat.pickup.minecraft.sapling":1,"stat.pickup.minecraft.apple":4,"stat.pickup.minecraft.gold_ingot":3,"stat.killEntity.Skeleton":1,"stat.entityKilledBy.techguns.SuperMutantHeavy":1,"stat.entityKilledBy.techguns.SuperMutantElite":5,"stat.pickup.minecraft.bread":9,"stat.mobKills":138,"stat.pickup.minecraft.quartz":39,"stat.pickup.minecraft.red_flower":3,"stat.sneakTime":1088,"stat.pickup.minecraft.wool":111,"stat.entityKilledBy.techguns.StormTrooper":6}