{"stat.pickup.techguns.itemshared":170,"stat.walkOneCm":49050,"stat.pickup.minecraft.bone":16,"stat.leaveGame":1,"stat.pickup.minecraft.arrow":20,"stat.mineBlock.minecraft.double_plant":1,"stat.pickup.srparasites.lurecomponent1":4,"stat.pickup.techguns.thompson":1,"stat.drop.minecraft.spawn_egg":51,"stat.pickup.minecraft.string":2,"stat.jump":137,"stat.swimOneCm":40,"stat.pickup.minecraft.coal":14,"stat.fallOneCm":2715,"stat.pickup.minecraft.iron_ingot":12,"stat.climbOneCm":99,"stat.pickup.minecraft.glowstone_dust":2,"stat.pickup.minecraft.porkchop":68,"stat.pickup.minecraft.gunpowder":33,"stat.crouchOneCm":226,"stat.entityKilledBy.techguns.Bandit":1,"stat.pickup.minecraft.ender_pearl":2,"stat.pickup.minecraft.sapling":1,"stat.sprintOneCm":21132,"stat.useItem.minecraft.stone_slab2":2,"stat.pickup.minecraft.apple":4,"stat.pickup.minecraft.gold_ingot":3,"stat.pickup.minecraft.rotten_flesh":8,"stat.entityKilledBy.techguns.Outcast":1,"stat.entityKilledBy.techguns.SuperMutantElite":5,"stat.damageTaken":4137,"stat.pickup.minecraft.leather":16,"stat.pickup.minecraft.bread":7,"stat.pickup.srparasites.assimilated_flesh":1,"stat.entityKilledBy.techguns.Commando":1,"stat.pickup.minecraft.dye":33,"stat.pickup.minecraft.spawn_egg":212,"stat.pickup.minecraft.reeds":64,"stat.flyOneCm":145577,"stat.deaths":17,"stat.drop":51,"stat.pickup.minecraft.wheat_seeds":9,"stat.playOneMinute":25174,"stat.pickup.minecraft.blaze_rod":10,"stat.pickup.minecraft.red_flower":1,"stat.sneakTime":276,"stat.pickup.minecraft.wool":111,"stat.damageDealt":60,"stat.entityKilledBy.techguns.ZombiePigmanSoldier":2,"stat.pickup.minecraft.redstone":34,"stat.pickup.minecraft.iron_block":4,"stat.timeSinceDeath":9641,"stat.useItem.minecraft.spawn_egg":547,"stat.mineBlock.minecraft.tallgrass":8,"stat.pickup.minecraft.mutton":170,"stat.diveOneCm":1306,"stat.pickup.minecraft.wheat":18,"stat.entityKilledBy.techguns.StormTrooper":6}