{"stat.drop.minecraft.spawn_egg":51,"stat.pickup.minecraft.spawn_egg":182,"stat.pickup.minecraft.reeds":64,"stat.flyOneCm":22532,"stat.deaths":1,"stat.walkOneCm":4920,"stat.drop":51,"stat.jump":29,"stat.playOneMinute":8220,"stat.fallOneCm":418,"stat.sneakTime":57,"stat.damageTaken":288,"stat.pickup.minecraft.porkchop":16,"stat.damageDealt":28,"stat.crouchOneCm":32,"stat.timeSinceDeath":246,"stat.mineBlock.minecraft.double_plant":1,"stat.entityKilledBy.techguns.Bandit":1,"stat.sprintOneCm":5393,"stat.useItem.minecraft.spawn_egg":1,"stat.mineBlock.minecraft.tallgrass":8,"stat.pickup.minecraft.mutton":1}