{"stat.useItem.srparasites.weapon_sword_sentient":20,"stat.pickup.techguns.itemshared":2,"stat.walkOneCm":31398,"stat.pickup.cgm.basic_ammo":64,"stat.leaveGame":2,"stat.pickup.minecraft.gravel":1,"stat.pickup.techguns.t1_miner_boots":1,"stat.drop.minecraft.gravel":1,"stat.drop.minecraft.dirt":2,"stat.drop.srparasites.itemmobspawner_dodsiv":1,"stat.useItem.srparasites.weapon_bow":10,"stat.pickup.techguns.chainsaw":2,"stat.pickup.techguns.bioblob":1,"stat.useItem.srparasites.itemmobspawner_dodsiv":1,"stat.jump":221,"stat.drop.techguns.t3_exo_boots":1,"stat.pickup.srparasites.itemmobspawner_dodsiv":1,"stat.pickup.minecraft.coal":1,"stat.fallOneCm":2782,"stat.pickup.minecraft.iron_ingot":1,"stat.pickup.minecraft.gunpowder":2,"stat.useItem.srparasites.weapon_scythe_sentient":40,"stat.crouchOneCm":216,"stat.pickup.minecraft.dirt":2,"stat.sprintOneCm":7011,"stat.useItem.minecraft.stone_slab2":21,"stat.drop.srparasites.assimilated_flesh":1,"stat.pickup.cgm.assault_rifle":2,"stat.pickup.minecraft.skull":1,"stat.pickup.techguns.teslagun":1,"stat.killEntity.techguns.CyberDemon":2,"stat.killEntity.Skeleton":1,"stat.pickup.cgm.grenade_launcher":1,"stat.entityKilledBy.techguns.SkeletonSoldier":2,"stat.damageTaken":2771,"stat.pickup.minecraft.leather":1,"stat.pickup.minecraft.bread":2,"stat.pickup.techguns.t3_exo_boots":1,"stat.killEntity.techguns.ZombieMiner":2,"stat.pickup.techguns.tfg":1,"stat.mobKills":20,"stat.pickup.minecraft.cobblestone":6,"stat.pickup.srparasites.assimilated_flesh":1,"stat.flyOneCm":119341,"stat.deaths":11,"stat.pickup.minecraft.soul_sand":1,"stat.drop":8,"stat.pickup.minecraft.wheat_seeds":1,"stat.playOneMinute":26173,"stat.drop.minecraft.wheat_seeds":1,"stat.drop.minecraft.soul_sand":1,"stat.sneakTime":404,"stat.killEntity.techguns.ZombieFarmer":4,"stat.pickup.techguns.biogun":1,"stat.damageDealt":821,"stat.killEntity.techguns.ZombiePigmanSoldier":9,"stat.timeSinceDeath":2956,"stat.useItem.srparasites.itemmobspawner_venkrolsiii":1,"stat.pickup.minecraft.netherrack":9}