{"stat.pickup.minecraft.rotten_flesh":3,"stat.killEntity.techguns.SkeletonSoldier":1,"stat.pickup.techguns.itemshared":1,"stat.walkOneCm":10894,"stat.useItem.srparasites.itemmobspawner_infplayer":9,"stat.pickup.cgm.grenade_launcher":1,"stat.pickup.minecraft.bone":2,"stat.useItem.srparasites.itemmobspawner_hull":33,"stat.pickup.minecraft.gravel":2,"stat.leaveGame":1,"stat.useItem.srparasites.itemmobspawner_lesh":13,"stat.damageTaken":858,"stat.useItem.srparasites.itemmobspawner_infvillager":95,"stat.useItem.srparasites.itemmobspawner_infpig":37,"stat.pickup.srparasites.lurecomponent2":1,"stat.mineBlock.srparasites.gore":1,"stat.mobKills":180,"stat.pickup.minecraft.cobblestone":187,"stat.pickup.srparasites.assimilated_flesh":2,"stat.killEntity.Creeper":1,"stat.flyOneCm":111527,"stat.useItem.srparasites.itemmobspawner_infwolf":23,"stat.deaths":3,"stat.drop":1,"stat.pickup.minecraft.wheat_seeds":7,"stat.pickup.minecraft.diamond":1,"stat.swimOneCm":384,"stat.jump":108,"stat.playOneMinute":16907,"stat.pickup.minecraft.coal":4,"stat.fallOneCm":4829,"stat.drop.minecraft.wheat_seeds":1,"stat.sneakTime":763,"stat.damageDealt":197,"stat.pickup.minecraft.stone":34,"stat.pickup.minecraft.gunpowder":1,"stat.pickup.minecraft.redstone":2,"stat.crouchOneCm":1240,"stat.useItem.srparasites.itemmobspawner_infpighead":88,"stat.timeSinceDeath":15140,"stat.pickup.srparasites.beckon_drop":1,"stat.pickup.minecraft.dirt":32,"stat.sprintOneCm":7498,"stat.useItem.minecraft.spawn_egg":26,"stat.mineBlock.minecraft.tallgrass":7,"stat.pickup.minecraft.apple":2}