{"stat.walkOneCm":11586,"stat.leaveGame":1,"stat.mobKills":31,"stat.pickup.minecraft.spawn_egg":25,"stat.flyOneCm":26913,"stat.pickup.minecraft.wheat_seeds":1,"stat.jump":70,"stat.playOneMinute":10514,"stat.fallOneCm":209,"stat.killEntity.Sheep":1,"stat.sneakTime":213,"stat.pickup.minecraft.wool":1,"stat.killEntity.techguns.ZombieFarmer":2,"stat.pickup.minecraft.porkchop":12,"stat.crouchOneCm":855,"stat.timeSinceDeath":10514,"stat.sprintOneCm":6306,"stat.useItem.minecraft.stone_slab2":1,"stat.useItem.minecraft.spawn_egg":29,"stat.killEntity.Pig":27,"stat.killEntity.techguns.CyberDemon":1}