{"stat.pickup.techguns.itemshared":2,"stat.walkOneCm":20691,"stat.leaveGame":5,"stat.pickup.minecraft.arrow":2,"stat.drop.minecraft.gunpowder":2,"stat.drop.minecraft.dirt":2,"stat.entityKilledBy.techguns.AlienBug":1,"stat.pickup.srparasites.lurecomponent1":2,"stat.jump":90,"stat.fallOneCm":1779,"stat.pickup.minecraft.porkchop":12,"stat.pickup.minecraft.gunpowder":4,"stat.crouchOneCm":1086,"stat.pickup.minecraft.dirt":31,"stat.sprintOneCm":7587,"stat.useItem.minecraft.stone_slab2":1,"stat.killEntity.techguns.CyberDemon":1,"stat.damageTaken":895,"stat.mobKills":31,"stat.pickup.minecraft.dye":4,"stat.entityKilledBy.Creeper":1,"stat.pickup.minecraft.spawn_egg":29,"stat.flyOneCm":66622,"stat.deaths":4,"stat.pickup.minecraft.wheat_seeds":4,"stat.drop":2,"stat.playOneMinute":24336,"stat.killEntity.Sheep":1,"stat.pickup.minecraft.red_flower":1,"stat.sneakTime":299,"stat.pickup.minecraft.wool":1,"stat.killEntity.techguns.ZombieFarmer":2,"stat.pickup.minecraft.redstone":1,"stat.timeSinceDeath":1297,"stat.useItem.minecraft.spawn_egg":29,"stat.killEntity.Pig":27}