{"stat.pickup.minecraft.bone":2,"stat.useItem.minecraft.repeater":5,"stat.leaveGame":12,"stat.pickup.minecraft.arrow":4,"stat.drop.minecraft.gunpowder":2,"stat.entityKilledBy.techguns.AlienBug":1,"stat.jump":195,"stat.fallOneCm":2456,"stat.pickup.minecraft.porkchop":12,"stat.pickup.minecraft.gunpowder":4,"stat.pickup.techguns.fraggrenade":1,"stat.crouchOneCm":2796,"stat.useItem.minecraft.obsidian":61,"stat.pickup.minecraft.dirt":82,"stat.useItem.minecraft.stone_button":4,"stat.useItem.minecraft.stone_slab2":230,"stat.damageTaken":1009,"stat.killEntity.techguns.ZombieMiner":1,"stat.useItem.minecraft.rail":3,"stat.dispenserInspected":2,"stat.pickup.minecraft.cobblestone":26,"stat.pickup.minecraft.dye":4,"stat.flyOneCm":241312,"stat.pickup.minecraft.wheat_seeds":10,"stat.pickup.srparasites.dispatcher_drop":23,"stat.killEntity.techguns.ZombieFarmer":2,"stat.damageDealt":2,"stat.pickup.minecraft.redstone":1,"stat.timeSinceDeath":6380,"stat.useItem.minecraft.spawn_egg":29,"stat.killEntity.Pig":27,"stat.pickup.techguns.itemshared":2,"stat.walkOneCm":32962,"stat.drop.minecraft.dirt":2,"stat.pickup.srparasites.lurecomponent1":4,"stat.pickup.minecraft.stone":1,"stat.sprintOneCm":14006,"stat.killEntity.techguns.CyberDemon":1,"stat.useItem.minecraft.flint_and_steel":10,"stat.mobKills":35,"stat.entityKilledBy.Creeper":1,"stat.pickup.minecraft.spawn_egg":29,"stat.deaths":5,"stat.drop":2,"stat.playOneMinute":54960,"stat.killEntity.Sheep":1,"stat.pickup.minecraft.red_flower":1,"stat.sneakTime":1516,"stat.pickup.minecraft.wool":1,"stat.killEntity.Zombie":2,"stat.pickup.minecraft.netherrack":33}